{"tissue_hires_scalef": 0.150015, "tissue_lowres_scalef": 0.045004502, "fiducial_diameter_fullres": 145.06995700517464, "spot_diameter_fullres": 89.80521147939382}